{
  "subject_id": "001",
  "timestamp": "2026-01-27T21:03:33.813279",
  "statistics": {
    "overall_mean": 0.7744824592852263,
    "overall_median": 0.8001318169235099,
    "overall_std": 0.14613306478710275,
    "overall_min": 0.3487932694021603,
    "overall_max": 0.9830508474576272,
    "total_sequences": 64,
    "first_block_mean": 0.772690540184741,
    "last_block_mean": 0.7393558247312149,
    "improvement": -0.033334715453526176,
    "percentile_25": 0.7098640477284485,
    "percentile_75": 0.8923874053407733,
    "per_block_statistics": [
      {
        "block_number": 1,
        "mean": 0.7744824592852263,
        "median": 0.8001318169235099,
        "std": 0.14613306478710275,
        "min": 0.3487932694021603,
        "max": 0.9830508474576272,
        "num_sequences": 64
      }
    ]
  },
  "resources": {},
  "report_type": "PES_Experiment_Results"
}